Order Date,Region,Product Category,Product Name,Sales Amount,Quantity Sold,Profit
2024-03-12,West,Electronics,Tablet,28297,4,5973
2024-05-06,South,Clothing,Jacket,59076,6,16163
2024-03-15,South,Clothing,Jacket,18644,10,3117
2024-05-10,East,Furniture,Desk,46720,18,5701
2024-05-11,South,Electronics,Headphones,18846,4,4283
2024-05-10,East,Clothing,Jacket,20221,20,3267
2024-05-19,South,Electronics,Smartphone,7625,8,1105
2024-02-25,West,Electronics,Laptop,48391,4,10951
2024-06-08,West,Furniture,Bed,40217,3,8807
2024-05-28,West,Clothing,Jacket,49277,12,10202
2024-02-15,North,Electronics,Headphones,43902,16,6778
2024-06-07,North,Furniture,Sofa,36336,4,7159
2024-06-13,West,Furniture,Bed,36363,8,9778
2024-06-09,South,Furniture,Table,47370,16,9390
2024-03-01,North,Clothing,T-Shirt,20257,12,5786
2024-06-15,East,Clothing,Jeans,4661,10,810
2024-02-26,East,Furniture,Chair,51101,13,11185
2024-02-22,West,Furniture,Bed,5342,19,1407
2024-06-03,East,Furniture,Bed,50800,10,9998
2024-03-17,South,Clothing,Jacket,19828,16,2214
2024-05-01,South,Clothing,T-Shirt,22887,6,3039
2024-03-15,West,Electronics,Monitor,56449,4,8385
2024-03-26,West,Clothing,Shirt,58458,19,7180
2024-03-20,North,Electronics,Laptop,23898,8,3268
2024-02-13,North,Furniture,Cabinet,34530,19,7195
2024-01-10,East,Electronics,Monitor,50014,15,14448
2024-03-13,North,Clothing,Shorts,32798,6,6806
2024-06-09,West,Electronics,Headphones,41969,3,11446
2024-03-13,West,Electronics,Camera,14212,5,2657
2024-03-15,West,Furniture,Chair,53054,17,6206
2024-01-26,North,Furniture,Desk,10601,18,2822
2024-02-21,West,Electronics,Monitor,20298,13,4690
2024-01-06,North,Electronics,Laptop,6689,9,968
2024-03-28,West,Furniture,Table,14575,16,3650
2024-06-09,West,Electronics,Camera,59603,20,16968
2024-04-12,West,Electronics,Tablet,20994,17,3432
2024-06-25,East,Clothing,Jeans,30902,13,8845
2024-02-08,East,Furniture,Table,29221,16,4657
2024-01-11,West,Furniture,Table,42120,7,12085
2024-06-29,East,Clothing,T-Shirt,13543,16,3690
2024-06-09,West,Clothing,Shorts,8876,4,1480
2024-05-09,East,Clothing,Shirt,28057,14,3236
2024-01-23,West,Electronics,Monitor,24931,2,5615
2024-05-05,North,Furniture,Sofa,16745,7,2548
2024-04-06,North,Clothing,Jacket,1822,10,210
2024-06-02,South,Electronics,Camera,1242,17,360
2024-06-12,East,Clothing,Shirt,18293,4,2981
2024-05-31,West,Furniture,Table,58353,2,16209
2024-06-05,East,Electronics,Laptop,21351,9,6044
2024-06-09,North,Electronics,Tablet,54338,10,8691
2024-05-03,North,Furniture,Sofa,7947,15,1369
2024-03-10,North,Furniture,Chair,35044,18,10387
2024-06-24,North,Electronics,Monitor,20872,20,2991
2024-03-01,West,Electronics,Tablet,36402,12,6689
2024-06-25,South,Clothing,T-Shirt,29872,15,6535
2024-02-24,North,Electronics,Camera,55760,7,14437
2024-06-02,South,Clothing,Sweater,12490,15,1514
2024-05-23,North,Electronics,Laptop,6610,9,1647
2024-01-12,South,Electronics,Headphones,13576,18,2657
2024-03-10,East,Electronics,Laptop,27360,18,5214
2024-06-02,West,Furniture,Chair,25649,9,3652
2024-02-18,South,Electronics,Smartphone,50776,8,8687
2024-02-23,South,Clothing,Jeans,23365,1,4287
2024-04-01,West,Electronics,Camera,1430,8,190
2024-02-24,North,Clothing,Shorts,11490,14,2286
2024-03-12,North,Electronics,Camera,40080,8,8276
2024-01-30,North,Clothing,Jeans,32486,8,6741
2024-06-13,North,Electronics,Keyboard,54980,10,12043
2024-03-29,North,Electronics,Laptop,31433,16,4133
2024-01-12,East,Furniture,Bed,44920,1,8644
2024-04-29,South,Furniture,Bed,26862,18,5362
2024-01-10,North,Clothing,Jacket,37316,16,5080
2024-05-10,East,Clothing,Shorts,9424,18,1219
2024-04-14,North,Clothing,Jacket,27866,1,7542
2024-04-19,West,Clothing,T-Shirt,5038,14,1427
2024-01-02,South,Furniture,Cabinet,20868,14,4704
2024-06-25,West,Electronics,Tablet,59481,19,10821
2024-05-31,East,Clothing,T-Shirt,37607,4,4471
2024-02-09,South,Electronics,Smartphone,46732,18,7811
2024-02-18,South,Clothing,T-Shirt,48495,10,5356
2024-05-29,West,Clothing,Shirt,33730,2,6753
2024-01-19,North,Furniture,Table,28329,1,7909
2024-03-14,South,Clothing,T-Shirt,1584,8,389
2024-01-20,North,Clothing,Jacket,12436,8,1715
2024-05-12,South,Electronics,Tablet,58876,12,15941
2024-06-24,South,Clothing,Shorts,24349,5,5868
2024-03-30,North,Clothing,Jeans,12564,15,1982
2024-03-13,West,Furniture,Cabinet,56741,1,7074
2024-03-21,East,Clothing,Shirt,59222,10,8126
2024-05-02,East,Furniture,Sofa,21267,12,3317
2024-06-24,South,Furniture,Table,50870,12,15048
2024-02-23,South,Clothing,T-Shirt,16073,6,3275
2024-01-31,West,Clothing,Jeans,31911,4,4380
2024-01-16,North,Electronics,Tablet,13091,2,2429
2024-06-21,West,Electronics,Headphones,21921,18,4699
2024-05-27,South,Electronics,Tablet,9916,5,1324
2024-05-05,West,Electronics,Keyboard,4275,10,1022
2024-03-14,West,Clothing,Jeans,30250,5,8654
2024-01-22,North,Clothing,T-Shirt,23007,4,4175
2024-06-21,South,Clothing,Shirt,11420,3,2581
2024-06-11,South,Furniture,Desk,52835,15,12098
2024-05-23,West,Clothing,Jeans,48196,18,11633
2024-05-15,West,Electronics,Monitor,58178,16,8818
2024-06-24,North,Furniture,Desk,40369,17,7025
2024-06-27,North,Furniture,Table,39878,17,6713
2024-03-19,East,Furniture,Cabinet,37520,14,7596
2024-04-25,South,Furniture,Cabinet,29009,14,8367
2024-02-14,North,Furniture,Bed,42262,11,8950
2024-03-11,South,Furniture,Sofa,16720,6,1993
2024-05-15,North,Electronics,Laptop,43548,5,6935
2024-05-06,East,Electronics,Laptop,14919,14,3187
2024-05-13,East,Electronics,Keyboard,14269,11,1599
2024-05-29,West,Furniture,Desk,23173,18,4682
2024-01-31,North,Electronics,Monitor,14505,8,2891
2024-03-04,North,Electronics,Headphones,48117,8,13331
2024-05-01,West,Furniture,Sofa,47123,1,7585
2024-02-14,South,Furniture,Cabinet,14194,1,2054
2024-06-17,South,Clothing,Jacket,54206,14,14762
2024-06-08,North,Furniture,Cabinet,41718,1,6916
2024-05-23,South,Furniture,Chair,24848,7,6900
2024-01-20,South,Furniture,Table,15989,2,3550
2024-01-13,East,Electronics,Keyboard,48050,17,11928
2024-02-10,North,Furniture,Bed,55247,6,15494
2024-03-13,East,Electronics,Laptop,53905,16,12842
2024-02-13,West,Electronics,Monitor,38863,14,10152
2024-01-27,South,Clothing,Sweater,16947,15,2128
2024-02-20,South,Furniture,Sofa,8712,17,2282
2024-04-01,North,Furniture,Sofa,31034,9,6031
2024-04-23,West,Clothing,Sweater,9074,14,1732
2024-04-30,West,Clothing,Jeans,47032,13,11043
2024-01-28,East,Electronics,Laptop,12531,6,2470
2024-06-01,West,Furniture,Table,26317,11,7372
2024-06-07,East,Clothing,Jacket,18883,19,2641
2024-02-26,West,Electronics,Monitor,13885,12,3862
2024-04-21,East,Electronics,Tablet,20419,13,4085
2024-03-28,East,Furniture,Sofa,51655,12,10609
2024-06-20,South,Furniture,Chair,55548,8,14792
2024-03-24,East,Electronics,Monitor,6832,17,1916
2024-04-01,North,Clothing,Shirt,58846,11,6701
2024-05-24,South,Clothing,Jeans,18674,9,3490
2024-01-05,West,Clothing,Sweater,5535,14,1193
2024-04-23,West,Electronics,Keyboard,37261,2,6901
2024-05-09,East,Clothing,Jeans,21984,5,4253
2024-03-09,North,Electronics,Monitor,1380,2,408
2024-04-17,North,Electronics,Tablet,3489,18,613
2024-01-31,South,Electronics,Keyboard,54845,10,15380
2024-05-23,South,Electronics,Camera,23079,2,3021
2024-02-02,North,Furniture,Table,1466,18,186
2024-01-03,West,Electronics,Headphones,17645,4,3293
2024-02-28,North,Electronics,Monitor,15506,5,2600
2024-05-27,West,Furniture,Sofa,39830,14,4889
2024-04-10,West,Furniture,Cabinet,31417,7,5072
2024-03-22,East,Clothing,Jacket,18346,13,3829
2024-01-03,South,Clothing,Jacket,41862,10,8345
2024-02-23,North,Clothing,Shorts,51743,8,9803
2024-05-22,East,Clothing,Sweater,2467,18,617
2024-02-09,South,Furniture,Table,30798,13,4232
2024-04-10,West,Clothing,Shorts,35141,7,9508
2024-01-26,West,Electronics,Smartphone,1177,17,236
2024-01-21,South,Electronics,Laptop,41744,5,12369
2024-03-12,North,Clothing,Jacket,14938,5,3152
2024-02-05,East,Electronics,Smartphone,45213,5,8566
2024-05-01,East,Clothing,Sweater,24744,16,5156
2024-03-16,South,Furniture,Table,3558,14,421
2024-06-12,East,Furniture,Bed,43287,5,7277
2024-05-30,South,Clothing,Jacket,14439,12,3676
2024-06-24,West,Furniture,Sofa,12919,4,2951
2024-01-20,North,Furniture,Table,43232,4,12225
2024-06-11,West,Electronics,Tablet,35539,16,7501
2024-04-14,South,Electronics,Camera,32385,10,4727
2024-04-05,South,Electronics,Smartphone,4444,5,975
2024-02-17,West,Furniture,Cabinet,59504,7,11906
2024-05-25,South,Electronics,Monitor,10346,14,1732
2024-06-12,East,Clothing,Shirt,39195,9,8427
2024-03-19,East,Clothing,Jeans,5465,13,1171
2024-01-28,East,Electronics,Camera,12881,4,2035
2024-05-23,North,Clothing,Shirt,26778,13,6967
2024-02-13,East,Furniture,Desk,20075,17,3356
2024-02-03,North,Electronics,Laptop,41255,8,10986
2024-04-29,North,Electronics,Smartphone,48262,19,6346
2024-05-15,South,Electronics,Keyboard,49366,5,10538
2024-05-14,West,Clothing,T-Shirt,28835,15,6507
2024-01-05,West,Electronics,Smartphone,1946,7,363
2024-02-21,East,Clothing,Sweater,42270,11,7582
2024-03-02,East,Electronics,Laptop,12533,14,2020
2024-06-21,North,Furniture,Bed,58093,4,9704
2024-04-08,South,Electronics,Headphones,21817,13,2407
2024-06-18,South,Clothing,Shirt,58979,6,17647
2024-04-14,East,Electronics,Smartphone,18771,17,2383
2024-06-23,West,Clothing,Shorts,40338,13,8321
2024-02-05,East,Furniture,Sofa,54605,17,5702
2024-04-30,North,Electronics,Laptop,29200,13,6583
2024-04-25,East,Furniture,Sofa,25227,5,7548
2024-05-27,North,Clothing,Jacket,10296,15,2509
2024-02-17,West,Electronics,Laptop,33533,20,5302
2024-04-16,West,Electronics,Tablet,1139,7,290
2024-01-31,South,Furniture,Sofa,9770,16,1243
2024-04-05,South,Furniture,Table,10751,4,3106
2024-05-29,South,Clothing,Shirt,9216,5,2500
2024-01-05,South,Clothing,Jacket,47555,7,5386
2024-03-12,East,Electronics,Keyboard,48251,19,13125
2024-05-24,North,Electronics,Camera,35947,13,6181
2024-03-27,North,Clothing,Shorts,36238,2,5924
2024-05-13,East,Electronics,Monitor,21536,8,4049
2024-02-22,North,Furniture,Bed,44909,5,11839
2024-05-31,North,Clothing,Shorts,52062,11,15372
2024-06-22,West,Furniture,Sofa,22471,10,3150
2024-01-12,North,Electronics,Tablet,36205,15,5341
2024-01-14,East,Furniture,Sofa,33010,13,5338
2024-06-08,North,Furniture,Sofa,24154,10,7038
2024-05-21,North,Furniture,Table,52805,8,14617
2024-02-26,East,Clothing,Shirt,36311,3,4720
2024-05-31,West,Electronics,Keyboard,27476,6,6431
2024-03-22,West,Furniture,Chair,56336,17,10629
2024-01-28,North,Furniture,Desk,52047,13,11945
2024-04-08,North,Clothing,Shorts,29230,9,7043
2024-02-19,West,Electronics,Monitor,17016,12,5083
2024-03-28,North,Electronics,Smartphone,26517,9,6889
2024-03-20,South,Furniture,Cabinet,46472,12,7778
2024-05-01,East,Furniture,Desk,56525,10,10398
2024-06-16,East,Furniture,Bed,45113,11,12036
2024-05-26,South,Clothing,T-Shirt,45246,18,4808
2024-01-07,South,Clothing,Jeans,54420,19,10410
2024-02-26,North,Furniture,Sofa,3805,16,890
2024-02-19,North,Furniture,Bed,3806,2,555
2024-03-25,West,Furniture,Sofa,51988,16,6237
2024-06-17,West,Electronics,Keyboard,36887,1,6098
2024-03-12,East,Electronics,Keyboard,25420,12,3735
2024-01-03,South,Electronics,Smartphone,20480,14,2936
2024-02-16,South,Electronics,Keyboard,26444,12,6384
2024-01-16,East,Furniture,Bed,49926,4,10794
2024-03-21,East,Electronics,Headphones,42284,10,8594
2024-03-12,East,Furniture,Desk,40894,1,5111
2024-04-13,South,Electronics,Camera,15587,15,1724
2024-05-20,South,Electronics,Headphones,58686,8,12808
2024-06-09,West,Furniture,Desk,9451,2,2255
2024-02-13,South,Electronics,Headphones,58839,13,7299
2024-06-29,East,Furniture,Bed,33742,10,9791
2024-06-21,North,Clothing,T-Shirt,52544,10,9725
2024-03-14,East,Furniture,Bed,6950,6,1435
2024-03-15,East,Clothing,T-Shirt,49569,9,8205
2024-01-27,South,Clothing,Jacket,6233,8,1582
2024-03-28,North,Electronics,Smartphone,49428,15,10374
2024-05-17,East,Furniture,Desk,30081,13,6267
2024-06-17,East,Furniture,Bed,27158,19,3318
2024-04-09,South,Furniture,Bed,16328,6,1985
2024-06-15,West,Electronics,Smartphone,21567,11,5384
2024-03-16,South,Electronics,Tablet,24379,15,5107
2024-05-10,South,Electronics,Laptop,21690,9,5098
2024-02-19,East,Clothing,T-Shirt,10098,18,1470
2024-06-11,East,Electronics,Laptop,28137,12,4598
2024-04-01,East,Furniture,Bed,58726,17,11382
2024-03-29,South,Clothing,Shirt,3085,20,413
2024-06-22,North,Furniture,Sofa,19215,20,2071
2024-02-28,West,Electronics,Tablet,3986,7,422
2024-03-09,South,Clothing,T-Shirt,41263,13,5232
2024-01-07,East,Clothing,Jeans,17460,10,4838
2024-05-22,East,Clothing,T-Shirt,13124,9,2690
2024-05-31,East,Clothing,Shorts,10797,1,2160
2024-06-20,East,Clothing,Jacket,31171,5,5656
2024-02-23,West,Electronics,Camera,37947,9,4480
2024-05-28,South,Electronics,Monitor,15864,12,2783
2024-05-21,North,Clothing,Sweater,44583,8,7546
2024-01-19,South,Electronics,Laptop,5131,18,1375
2024-03-19,East,Furniture,Bed,47951,7,6360
2024-01-06,East,Clothing,Sweater,57329,19,11254
2024-06-09,East,Electronics,Tablet,35106,7,8453
2024-06-04,North,Clothing,Shirt,19105,17,3653
2024-04-15,South,Clothing,T-Shirt,17599,17,4768
2024-05-01,East,Electronics,Monitor,58739,20,8724
2024-05-26,East,Clothing,Sweater,28651,9,5383
2024-03-07,North,Electronics,Keyboard,36178,16,8497
2024-04-19,West,Clothing,Shirt,33544,13,6326
2024-02-13,South,Electronics,Camera,42124,17,11186
2024-03-26,East,Electronics,Camera,54859,13,13536
2024-01-11,West,Electronics,Laptop,21188,7,4271
2024-03-26,West,Electronics,Smartphone,18528,10,4931
2024-01-08,West,Clothing,Jacket,59931,6,6178
2024-02-04,South,Clothing,Shirt,56118,12,9118
2024-02-17,West,Furniture,Cabinet,56832,7,15392
2024-01-14,South,Clothing,Shirt,4507,14,592
2024-02-18,North,Furniture,Bed,6618,9,940
2024-05-11,South,Furniture,Bed,52434,2,5701
2024-04-15,West,Electronics,Camera,17815,4,4814
2024-01-24,North,Clothing,T-Shirt,11635,10,3312
2024-03-09,East,Electronics,Camera,25081,18,3386
2024-05-28,South,Electronics,Headphones,3296,14,372
2024-01-18,East,Furniture,Table,20042,14,5185
2024-01-06,West,Clothing,Shirt,33597,13,7084
2024-06-10,North,Furniture,Bed,29294,15,8169
2024-03-17,South,Clothing,Shorts,56101,16,8499
2024-05-30,North,Furniture,Sofa,48630,2,13095
2024-03-13,East,Electronics,Headphones,33194,6,8482
2024-02-24,West,Electronics,Laptop,27424,9,5131
2024-02-23,South,Clothing,Shorts,7921,7,2302
2024-03-02,West,Clothing,Shirt,8044,19,1357
2024-01-09,South,Furniture,Cabinet,19629,18,2095
2024-03-15,North,Electronics,Camera,40873,5,10855
2024-04-20,West,Electronics,Smartphone,21623,4,2577
2024-02-17,West,Electronics,Smartphone,39345,11,7325
2024-03-14,East,Furniture,Cabinet,50489,3,12574
2024-01-24,West,Clothing,Shorts,34198,17,8606
2024-05-03,East,Clothing,Sweater,34747,10,10277
2024-06-20,West,Furniture,Cabinet,15969,15,3382
2024-06-17,East,Furniture,Cabinet,13509,4,2895
2024-05-28,West,Electronics,Headphones,20939,6,5206
2024-03-18,South,Furniture,Cabinet,4733,8,1088
2024-01-29,South,Clothing,T-Shirt,29507,17,5578
2024-03-05,East,Furniture,Bed,6712,16,1618
2024-06-01,West,Clothing,Sweater,20759,15,3943
2024-02-12,West,Electronics,Laptop,7086,17,1734
2024-04-10,East,Furniture,Table,21618,16,6287
2024-05-26,West,Clothing,Shirt,42199,3,8230
2024-06-21,East,Electronics,Keyboard,34205,6,5703
2024-01-09,South,Electronics,Laptop,6500,19,1119
2024-05-16,North,Electronics,Keyboard,39150,10,11056
2024-03-28,North,Clothing,Sweater,57488,5,13753
2024-06-06,North,Clothing,Shorts,38200,7,9589
2024-05-27,West,Clothing,Shorts,2943,17,713
2024-04-19,North,Clothing,Shirt,46669,17,4892
2024-06-03,West,Electronics,Camera,51822,7,7125
2024-01-30,East,Furniture,Bed,3116,12,615
2024-03-23,South,Furniture,Chair,5557,19,1410
2024-04-06,East,Clothing,Shirt,55169,16,5903
2024-01-16,East,Furniture,Chair,59376,11,10533
2024-06-02,North,Furniture,Table,22818,18,5787
2024-02-14,South,Furniture,Bed,40075,11,6197
2024-02-20,North,Furniture,Cabinet,36590,17,6346
2024-03-27,West,Clothing,Jeans,47732,4,9585
2024-04-30,South,Electronics,Monitor,9605,13,1028
2024-03-14,South,Clothing,Jeans,39203,20,8469
2024-01-12,West,Clothing,Sweater,56688,13,16350
2024-03-06,North,Furniture,Bed,49829,14,14285
2024-03-09,South,Furniture,Bed,35634,3,10586
2024-04-13,South,Clothing,Jacket,15171,20,3288
2024-03-05,South,Furniture,Desk,8882,12,1744
2024-02-01,South,Clothing,Jeans,26986,5,3789
2024-05-15,North,Clothing,T-Shirt,58690,14,14920
2024-05-14,South,Electronics,Headphones,51979,3,14689
2024-01-09,South,Furniture,Table,51960,5,7931
2024-02-03,South,Clothing,Shorts,19360,6,4031
2024-06-03,South,Electronics,Laptop,32237,2,5477
2024-04-04,West,Furniture,Sofa,57624,2,16989
2024-04-29,West,Furniture,Table,27545,17,5509
2024-06-06,East,Furniture,Bed,55384,14,13330
2024-05-24,North,Clothing,Shirt,36744,9,8067
2024-01-22,North,Electronics,Monitor,21369,18,5773
2024-02-28,South,Electronics,Headphones,30526,2,7950
2024-03-11,East,Furniture,Desk,5722,2,901
2024-06-01,East,Electronics,Headphones,50403,10,12626
2024-02-27,South,Electronics,Keyboard,56098,3,10227
2024-04-24,North,Electronics,Camera,50059,3,7051
2024-01-06,South,Electronics,Camera,59881,4,14609
2024-06-12,North,Clothing,Jacket,7204,11,1448
2024-01-02,East,Electronics,Tablet,37653,12,7726
2024-03-05,North,Furniture,Cabinet,13719,19,4090
2024-06-03,East,Furniture,Desk,47190,3,5516
2024-04-20,West,Clothing,Shirt,8051,15,1724
2024-05-24,South,Furniture,Table,57980,20,12487
2024-03-28,East,Clothing,Shirt,7859,19,930
2024-06-02,South,Clothing,T-Shirt,19587,12,5507
2024-03-07,North,Furniture,Sofa,7260,12,1385
2024-01-05,West,Electronics,Headphones,19921,8,2167
2024-04-29,West,Furniture,Desk,55135,6,6622
2024-04-16,West,Furniture,Chair,51230,10,6355
2024-03-19,North,Electronics,Monitor,11464,6,1403
2024-04-05,North,Clothing,Jeans,12438,18,3692
2024-06-13,West,Clothing,Shirt,27351,4,7302
2024-01-24,West,Electronics,Keyboard,8606,16,1197
2024-04-05,South,Electronics,Smartphone,21823,9,2375
2024-05-14,South,Electronics,Headphones,18195,9,4922
2024-04-04,East,Electronics,Headphones,7944,9,1463
2024-03-29,East,Furniture,Chair,15490,4,4062
2024-04-21,South,Clothing,Jeans,31981,15,8507
2024-03-30,South,Furniture,Cabinet,53462,15,10859
2024-05-06,South,Furniture,Sofa,7084,20,2015
2024-06-21,South,Furniture,Table,28960,9,3977
2024-02-06,West,Clothing,Jacket,57625,12,5886
2024-01-27,East,Furniture,Desk,29374,5,8205
2024-05-10,West,Furniture,Chair,51920,12,11292
2024-04-27,East,Electronics,Camera,23369,4,5372
2024-01-31,East,Electronics,Laptop,29802,8,7505
2024-01-25,East,Electronics,Smartphone,46070,16,6228
2024-05-28,South,Furniture,Cabinet,2886,3,842
2024-04-21,West,Furniture,Desk,8618,10,1854
2024-03-01,West,Clothing,Shirt,30215,15,8639
2024-05-30,East,Electronics,Tablet,47608,8,13414
2024-03-05,West,Furniture,Table,9261,3,1340
2024-02-05,East,Clothing,T-Shirt,32210,1,6301
2024-03-16,West,Furniture,Bed,57158,16,14580
2024-06-08,West,Electronics,Monitor,18355,18,4008
2024-04-30,North,Clothing,Sweater,29733,14,7162
2024-05-04,East,Furniture,Bed,27696,3,6817
2024-06-26,South,Clothing,Sweater,53550,7,7658
2024-04-04,South,Furniture,Chair,31328,3,9145
2024-05-09,South,Clothing,Shirt,15660,9,2997
2024-03-18,West,Electronics,Tablet,17325,2,4325
2024-01-11,West,Clothing,Jacket,58478,19,6377
2024-04-26,North,Electronics,Headphones,25413,5,4894
2024-03-10,North,Furniture,Sofa,9563,16,1427
2024-05-31,North,Electronics,Laptop,15472,7,2026
2024-06-15,East,Furniture,Sofa,2429,19,726
2024-04-29,East,Clothing,Sweater,51561,16,13782
2024-01-21,North,Clothing,Jeans,15290,1,3348
2024-05-09,North,Electronics,Tablet,19075,13,4569
2024-01-23,South,Furniture,Sofa,44948,14,8841
2024-06-11,East,Furniture,Sofa,40774,1,5621
2024-06-18,South,Electronics,Laptop,31369,5,5089
2024-04-30,East,Clothing,Jacket,25852,13,6564
2024-06-06,West,Clothing,Jacket,25144,15,3799
2024-02-18,West,Electronics,Smartphone,3786,1,394
2024-04-05,East,Clothing,Jacket,15392,13,2991
2024-03-22,North,Furniture,Sofa,29401,4,8734
2024-01-20,South,Electronics,Smartphone,19366,3,4429
2024-01-13,South,Furniture,Table,5392,2,1488
2024-06-25,East,Clothing,Jacket,36532,11,10271
2024-03-04,South,Clothing,Shorts,30882,19,9231
2024-01-02,North,Furniture,Chair,44936,6,7201
2024-04-24,West,Clothing,Jacket,10959,10,2530
2024-04-17,South,Electronics,Monitor,29731,17,8685
2024-04-25,North,Electronics,Laptop,23719,20,3351
2024-01-29,West,Furniture,Chair,47199,13,9135
2024-03-31,North,Electronics,Tablet,42814,2,8272
2024-04-06,West,Clothing,Jeans,31253,18,6738
2024-01-13,East,Clothing,Sweater,9143,4,1586
2024-02-23,East,Electronics,Tablet,25172,15,4382
2024-05-16,West,Furniture,Sofa,11041,13,2701
2024-04-07,East,Furniture,Bed,44352,1,10181
2024-06-20,North,Electronics,Tablet,8605,20,917
2024-01-07,East,Electronics,Headphones,48952,1,8143
2024-04-22,West,Furniture,Cabinet,33014,4,5279
2024-05-29,East,Electronics,Monitor,9975,20,1195
2024-05-24,West,Electronics,Keyboard,19461,4,4715
2024-03-12,South,Clothing,T-Shirt,43708,6,5962
2024-04-20,West,Furniture,Sofa,33792,4,6965
2024-02-01,South,Electronics,Keyboard,52793,12,7827
2024-03-22,West,Clothing,Shorts,46286,4,8745
2024-01-16,South,Electronics,Tablet,26316,14,2740
2024-04-03,West,Clothing,Jeans,51792,6,11459
2024-02-08,North,Furniture,Sofa,7509,20,1134
2024-02-22,East,Electronics,Tablet,9429,9,1894
2024-05-25,South,Electronics,Monitor,34858,7,6626
2024-05-09,West,Clothing,Shirt,24395,6,3071
2024-02-03,North,Furniture,Chair,27330,8,6476
2024-03-20,West,Electronics,Smartphone,43885,5,10426
2024-05-02,North,Clothing,Sweater,21624,7,4291
2024-06-25,West,Furniture,Chair,55427,11,9934
2024-04-11,South,Clothing,Jacket,26826,10,4892
2024-02-05,West,Electronics,Monitor,50178,4,12806
2024-03-25,West,Furniture,Desk,32629,10,8924
2024-01-03,North,Clothing,Jacket,41103,10,4505
2024-04-04,South,Clothing,Jacket,41527,8,10233
2024-05-19,West,Electronics,Headphones,20445,17,2999
2024-01-25,West,Electronics,Tablet,54518,20,10034
2024-04-13,South,Furniture,Cabinet,1745,11,246
2024-06-18,East,Furniture,Table,50265,1,8970
2024-01-23,West,Furniture,Chair,9649,10,1459
2024-06-16,East,Furniture,Desk,53054,10,11025
2024-06-10,North,Clothing,Sweater,25007,20,4286
2024-04-15,West,Furniture,Desk,27277,9,7232
2024-01-28,West,Clothing,Sweater,53269,19,14421
2024-04-11,South,Electronics,Smartphone,2293,9,595
2024-05-12,West,Furniture,Chair,13013,1,2791
2024-02-02,North,Electronics,Tablet,22832,1,6804
2024-01-10,South,Electronics,Smartphone,57145,19,13416
2024-06-27,South,Clothing,Shorts,38195,6,9630
2024-01-11,South,Furniture,Sofa,36308,3,10153
2024-02-20,North,Clothing,Jeans,13110,19,2611
2024-05-16,West,Furniture,Cabinet,29862,18,8339
2024-04-28,West,Electronics,Keyboard,26679,4,5245
2024-02-21,West,Clothing,Sweater,13856,11,2776
2024-02-23,East,Clothing,Shirt,6965,7,1508
2024-03-19,East,Furniture,Chair,20149,9,3957
2024-03-19,East,Clothing,Shirt,10600,14,3130
2024-05-17,West,Electronics,Camera,13268,18,2545
2024-03-28,South,Clothing,Jacket,35084,12,4179
2024-02-15,South,Furniture,Chair,16816,18,4297
2024-01-19,East,Electronics,Headphones,29340,12,7394
2024-04-21,East,Clothing,Shorts,59593,13,7064
2024-06-07,West,Electronics,Headphones,6708,8,1776
2024-03-26,East,Clothing,T-Shirt,14475,4,1828
2024-05-17,East,Furniture,Cabinet,7103,5,1212
2024-04-11,North,Clothing,T-Shirt,30515,3,4710
2024-01-03,South,Electronics,Laptop,36259,6,10783
2024-03-20,West,Furniture,Desk,11320,7,2384
2024-01-26,South,Electronics,Monitor,16345,13,4798
2024-06-06,West,Electronics,Smartphone,25866,14,6749
2024-05-14,South,Furniture,Sofa,36857,15,8362
2024-06-08,South,Furniture,Bed,17175,2,4229
2024-01-12,East,Furniture,Chair,58785,16,17373
2024-04-24,South,Furniture,Bed,47184,18,5018
2024-05-18,South,Clothing,Jeans,52869,15,14223
2024-03-18,North,Electronics,Smartphone,3443,18,754
2024-06-10,South,Clothing,Sweater,23485,20,5749
2024-04-10,West,Electronics,Tablet,22706,2,6807
2024-03-23,East,Electronics,Laptop,17941,11,5324
2024-05-17,North,Clothing,Sweater,54849,3,10648
2024-05-11,West,Electronics,Headphones,20959,8,2815
2024-04-23,West,Furniture,Cabinet,12934,15,2268
2024-02-10,East,Furniture,Bed,36202,11,4794
2024-03-19,West,Furniture,Bed,13259,12,2901
2024-02-16,East,Furniture,Chair,52093,10,9176
2024-02-12,West,Electronics,Camera,9784,11,2413
2024-01-05,East,Furniture,Cabinet,33327,13,5359
2024-01-17,East,Electronics,Tablet,14175,5,1619
2024-05-10,South,Electronics,Headphones,11980,3,3487
2024-04-16,South,Furniture,Cabinet,14662,12,2925
2024-03-19,North,Furniture,Cabinet,4912,11,1238
2024-02-21,West,Electronics,Tablet,55170,4,14167
2024-02-14,North,Furniture,Bed,29580,10,5083
2024-01-17,East,Furniture,Bed,52416,19,14577
2024-06-15,North,Electronics,Monitor,6831,9,1351
2024-01-20,South,Electronics,Monitor,12789,6,2127
2024-06-15,East,Clothing,Jacket,19887,9,3817
2024-05-29,South,Electronics,Monitor,39966,7,11659
2024-06-05,West,Electronics,Laptop,9379,14,2069
2024-01-16,South,Furniture,Cabinet,17164,19,1784
2024-05-14,South,Electronics,Keyboard,39069,9,7971
2024-01-19,North,Clothing,Shirt,52199,13,13621
2024-02-16,North,Electronics,Headphones,32498,11,9100
2024-04-18,East,Clothing,Shorts,13101,11,1673
2024-02-13,West,Electronics,Laptop,28492,4,7529
2024-04-07,North,Clothing,Shorts,23942,16,6085
2024-02-02,South,Electronics,Camera,50227,3,12402
2024-05-05,North,Electronics,Smartphone,18374,3,5118
2024-02-27,South,Furniture,Bed,4044,3,880
2024-02-24,East,Electronics,Laptop,7811,14,792
2024-03-07,South,Clothing,Jacket,47250,7,8179
2024-03-18,North,Electronics,Headphones,34538,9,6424
2024-03-25,North,Electronics,Smartphone,4606,9,846
2024-04-17,South,Clothing,T-Shirt,17809,12,4480
2024-01-14,South,Clothing,Sweater,44506,1,7685
2024-02-14,North,Electronics,Headphones,28235,4,8157
2024-02-02,West,Electronics,Camera,38171,1,10567
2024-05-02,North,Electronics,Camera,18095,17,2816
2024-06-18,South,Clothing,Shorts,50013,12,6797
2024-01-25,West,Electronics,Smartphone,42956,4,10251
2024-05-29,North,Electronics,Laptop,26642,18,5922
2024-06-29,East,Furniture,Bed,54749,2,6012
2024-05-27,South,Electronics,Keyboard,32017,12,7031
2024-02-29,West,Furniture,Desk,9580,14,1865
2024-04-13,East,Furniture,Bed,21422,13,3010
2024-02-10,West,Clothing,Jacket,21250,1,5805
2024-05-22,East,Electronics,Laptop,5891,15,1317
2024-02-10,North,Electronics,Tablet,19042,12,2814
2024-02-12,South,Electronics,Smartphone,24642,15,3183
2024-03-08,North,Furniture,Cabinet,18243,8,2113
2024-02-25,South,Furniture,Desk,18221,4,4536
2024-02-28,West,Furniture,Table,44332,7,11358
2024-04-18,West,Furniture,Sofa,53358,14,10382
2024-06-12,West,Clothing,Shirt,59247,10,13993
2024-06-11,East,Electronics,Tablet,7892,2,1730
2024-01-23,South,Furniture,Desk,47732,17,11886
2024-02-27,South,Furniture,Chair,43827,20,4838
2024-04-14,West,Furniture,Desk,14630,1,3836
2024-06-03,West,Clothing,Jeans,13868,17,2294
2024-01-29,South,Clothing,Jacket,54928,17,13898
2024-04-24,North,Clothing,Jacket,19623,12,2740
2024-02-15,South,Furniture,Cabinet,43226,6,8696
2024-06-01,South,Clothing,T-Shirt,1237,15,156
2024-05-25,West,Furniture,Table,7818,4,2227
2024-02-27,West,Clothing,Sweater,35652,11,4918
2024-01-23,South,Furniture,Sofa,7417,11,1898
2024-06-02,West,Furniture,Chair,43865,20,8509
2024-02-21,West,Clothing,Shirt,55329,12,10702
2024-02-27,East,Furniture,Sofa,50058,16,9496
2024-04-06,West,Electronics,Monitor,23598,6,3774
2024-02-08,East,Electronics,Keyboard,15125,3,3968
2024-05-29,West,Furniture,Desk,32308,13,7516
2024-01-24,South,Furniture,Table,21297,15,5154
2024-03-14,East,Clothing,Shorts,50747,5,7847
2024-01-25,South,Furniture,Cabinet,27071,4,7843
2024-05-19,South,Furniture,Cabinet,59777,17,12523
2024-04-10,North,Electronics,Tablet,24029,13,2736
2024-01-29,East,Furniture,Sofa,17973,2,2217
2024-05-19,South,Clothing,Jeans,51106,20,13927
2024-06-26,North,Furniture,Table,39433,2,11289
2024-04-06,West,Electronics,Monitor,57728,15,9003
2024-02-13,South,Furniture,Table,27014,20,4160
2024-03-21,North,Clothing,Jacket,53155,2,9171
2024-03-03,North,Clothing,Jeans,33208,5,8544
2024-01-13,South,Furniture,Table,43731,6,8967
2024-02-14,South,Electronics,Camera,44458,6,7440
2024-03-10,South,Furniture,Desk,49349,11,10733
2024-04-25,South,Clothing,Jacket,36218,13,6102
2024-02-10,South,Furniture,Table,53129,6,11879
2024-06-21,South,Clothing,Sweater,42228,9,5205
2024-02-23,East,Electronics,Laptop,51682,16,8792
2024-03-23,East,Clothing,Jeans,41510,20,4466
2024-02-11,South,Furniture,Table,35398,6,5665
2024-03-14,South,Clothing,T-Shirt,5733,18,885
2024-05-11,South,Furniture,Table,31928,9,8072
2024-03-23,West,Electronics,Camera,15676,7,2892
2024-02-14,East,Furniture,Chair,22425,14,6108
2024-05-09,North,Clothing,Sweater,23644,18,2427
2024-03-28,West,Furniture,Desk,31800,15,7731
2024-04-18,South,Furniture,Table,54583,16,5799
2024-05-18,West,Clothing,Shirt,25225,7,2973
2024-04-27,West,Electronics,Monitor,32247,6,5758
2024-05-17,North,Clothing,Jeans,58326,3,15965
2024-03-04,South,Furniture,Table,36510,13,9753
2024-04-24,North,Electronics,Laptop,29471,5,5100
2024-02-01,South,Furniture,Sofa,21233,11,6327
2024-02-15,South,Furniture,Bed,42093,1,11144
2024-03-28,South,Clothing,Jeans,33157,2,6217
2024-04-19,North,Clothing,Jacket,36475,18,8533
2024-04-02,West,Electronics,Tablet,27931,20,6781
2024-01-23,North,Electronics,Tablet,15185,14,3881
2024-03-28,South,Electronics,Laptop,49929,16,8384
2024-03-31,East,Furniture,Chair,28668,17,3912
2024-05-06,North,Electronics,Smartphone,3447,6,546
2024-04-30,West,Clothing,Jeans,49921,3,7731
2024-01-19,North,Clothing,Sweater,10743,9,2219
2024-05-23,West,Electronics,Smartphone,7544,12,894
2024-01-02,East,Furniture,Sofa,6057,11,1663
2024-04-11,West,Electronics,Keyboard,22757,2,6358
2024-02-02,East,Electronics,Laptop,9914,14,1008
2024-01-11,West,Clothing,Shorts,9656,11,2667
2024-01-10,East,Electronics,Laptop,20141,12,2747
2024-06-12,North,Furniture,Desk,5082,13,1298
2024-04-26,West,Clothing,T-Shirt,33301,1,5249
2024-02-03,South,Electronics,Camera,27676,4,5031
2024-05-10,North,Clothing,T-Shirt,46298,16,8118
2024-01-05,North,Furniture,Cabinet,3363,20,354
2024-05-22,West,Electronics,Headphones,46376,4,12591
2024-02-12,South,Electronics,Smartphone,6166,9,896
2024-02-19,East,Clothing,T-Shirt,41664,9,6502
2024-03-26,West,Furniture,Table,52171,20,12733
2024-04-18,South,Clothing,Jacket,59596,19,15142
2024-02-01,North,Clothing,T-Shirt,22820,6,6198
2024-06-05,West,Furniture,Bed,22927,10,5587
2024-06-18,East,Furniture,Table,56779,7,13224
2024-02-03,South,Clothing,Jacket,52913,17,9003
2024-06-18,South,Electronics,Monitor,41404,3,8754
2024-02-12,North,Clothing,Shirt,10817,15,1631
2024-03-26,North,Furniture,Sofa,41801,10,9599
2024-05-08,North,Electronics,Monitor,34634,8,5426
2024-06-08,East,Furniture,Table,53614,16,10757
2024-05-05,West,Electronics,Keyboard,9884,8,1632
2024-03-01,East,Clothing,T-Shirt,57942,14,14052
2024-03-12,North,Clothing,T-Shirt,10242,18,2174
2024-01-29,East,Clothing,Sweater,25997,2,3665
2024-04-24,West,Furniture,Table,10113,10,1315
2024-01-05,South,Clothing,Jeans,34092,11,4808
2024-01-11,East,Clothing,Shirt,27903,18,3712
2024-02-07,East,Furniture,Sofa,43755,19,11046
2024-03-14,West,Electronics,Laptop,29350,9,7743
2024-03-07,West,Clothing,Jeans,18824,1,4192
2024-05-12,South,Clothing,Jacket,59257,13,11157
2024-04-01,East,Clothing,T-Shirt,3172,11,336
2024-04-07,East,Electronics,Tablet,7861,9,1700
2024-04-07,North,Furniture,Table,22977,11,3150
2024-03-20,West,Clothing,Sweater,11305,11,3103
2024-03-01,South,Clothing,Jacket,2401,5,718
2024-04-01,North,Electronics,Monitor,45134,3,11666
2024-02-21,North,Clothing,Shirt,12766,14,2595
2024-05-05,South,Electronics,Camera,28979,20,5987
2024-01-01,West,Electronics,Smartphone,57016,19,7276
2024-03-03,West,Electronics,Smartphone,8138,12,2421
2024-05-27,East,Clothing,Jeans,48956,12,11542
2024-04-11,East,Clothing,Jacket,31961,12,5282
2024-02-04,North,Clothing,T-Shirt,42486,10,9703
2024-05-25,North,Electronics,Laptop,40201,11,8622
2024-03-04,East,Furniture,Desk,33600,12,5018
2024-03-29,North,Furniture,Table,17522,14,2148
2024-06-10,West,Furniture,Desk,50915,9,14772
2024-06-22,North,Clothing,T-Shirt,28240,13,7878
2024-01-30,South,Furniture,Desk,59684,5,8226
2024-04-24,North,Furniture,Sofa,53741,12,8235
2024-04-26,South,Clothing,Jacket,59427,10,17788
2024-04-02,South,Electronics,Keyboard,45992,11,4639
2024-04-12,North,Furniture,Cabinet,33968,6,4842
2024-02-28,North,Clothing,Shirt,47136,13,10888
2024-04-18,West,Furniture,Chair,51362,6,9917
2024-04-02,East,Furniture,Sofa,49932,2,8307
2024-03-09,West,Electronics,Camera,16581,7,3244
2024-03-26,West,Clothing,Shorts,53129,9,11029
2024-06-29,South,Electronics,Smartphone,12182,2,3038
2024-01-15,South,Furniture,Cabinet,53812,19,15697
2024-01-21,East,Electronics,Keyboard,30351,18,7645
2024-04-29,South,Clothing,Sweater,18093,6,2998
2024-04-27,North,Furniture,Table,12039,1,2571
2024-05-28,North,Furniture,Cabinet,28096,17,4151
2024-06-15,East,Furniture,Bed,23376,13,3655
2024-02-02,East,Furniture,Chair,57484,7,17172
2024-02-05,North,Electronics,Laptop,46974,17,8983
2024-05-25,South,Electronics,Laptop,57560,10,16833
2024-06-28,South,Clothing,Jeans,28785,5,7196
2024-05-02,South,Clothing,Jacket,29257,5,4148
2024-04-27,North,Clothing,Jacket,24410,1,4579
2024-05-18,West,Clothing,Jeans,32233,3,6058
2024-02-06,North,Furniture,Cabinet,48896,10,14171
2024-03-08,South,Clothing,Shirt,37099,12,5248
2024-05-03,South,Electronics,Smartphone,19083,14,5104
2024-01-10,East,Electronics,Laptop,58110,20,15044
2024-05-02,West,Clothing,Shirt,12499,13,1951
2024-04-22,East,Clothing,Shorts,46505,13,12327
2024-03-11,East,Furniture,Table,25651,2,3195
2024-02-06,West,Electronics,Headphones,53911,14,8066
2024-05-12,North,Clothing,Jacket,51887,8,14991
2024-03-19,East,Furniture,Table,50887,7,13452
2024-01-07,West,Clothing,Jacket,14520,14,3204
2024-03-01,West,Clothing,T-Shirt,36928,1,4880
2024-04-12,North,Clothing,Sweater,22519,11,5615
2024-02-04,South,Furniture,Chair,29110,13,5303
2024-06-12,West,Furniture,Bed,21591,1,2374
2024-06-10,South,Electronics,Keyboard,54756,20,8501
2024-01-09,West,Clothing,Jacket,9289,1,1584
2024-05-25,West,Furniture,Desk,40704,14,6425
2024-02-03,West,Electronics,Monitor,1406,20,404
2024-03-21,North,Furniture,Cabinet,7307,8,939
2024-04-06,East,Electronics,Tablet,14762,20,1805
2024-02-06,West,Furniture,Desk,32266,12,5633
2024-01-20,West,Furniture,Chair,11042,10,2068
2024-04-05,North,Furniture,Table,57758,14,10676
2024-05-02,South,Furniture,Sofa,49121,11,14448
2024-01-25,East,Clothing,Jeans,56996,3,9186
2024-06-03,East,Furniture,Cabinet,13354,9,2150
2024-04-05,North,Clothing,T-Shirt,5392,15,1507
2024-06-19,West,Furniture,Sofa,5742,17,1575
2024-06-29,East,Furniture,Table,24993,9,7166
2024-01-28,South,Furniture,Desk,30138,3,7419
2024-05-22,North,Furniture,Table,16785,3,2324
2024-03-14,East,Furniture,Sofa,34116,12,4018
2024-03-12,West,Furniture,Table,22562,6,2331
2024-05-08,West,Electronics,Keyboard,10402,17,1116
2024-04-21,West,Electronics,Laptop,59585,9,8294
2024-04-13,North,Clothing,Jacket,46288,11,12938
2024-06-24,East,Furniture,Bed,16697,19,3468
2024-02-09,West,Clothing,T-Shirt,9916,1,1285
2024-05-03,West,Furniture,Bed,14266,3,2180
2024-06-26,South,Electronics,Monitor,49853,5,13447
2024-04-13,West,Furniture,Chair,6786,16,1668
2024-03-03,East,Electronics,Laptop,38159,17,5593
2024-02-04,South,Furniture,Chair,39152,10,10575
2024-02-10,South,Clothing,Shirt,36479,18,8179
2024-06-18,East,Clothing,Shorts,34859,11,10330
2024-02-10,South,Electronics,Headphones,15909,8,4313
2024-02-27,East,Furniture,Desk,38928,11,7091
2024-02-29,West,Clothing,Jacket,23736,3,5164
2024-05-31,West,Electronics,Camera,21990,2,3426
2024-05-23,South,Electronics,Monitor,56043,6,10835
2024-03-04,South,Electronics,Tablet,39563,4,4102
2024-01-01,South,Furniture,Cabinet,58784,20,6998
2024-03-21,South,Electronics,Headphones,6707,10,1865
2024-02-05,North,Electronics,Monitor,49029,9,7203
2024-02-10,West,Furniture,Table,56410,18,6907
2024-01-19,North,Furniture,Chair,40999,2,8527
2024-04-02,East,Electronics,Smartphone,7313,17,1357
2024-06-28,North,Furniture,Desk,20143,18,4293
2024-01-24,West,Furniture,Cabinet,57392,20,6565
2024-03-17,North,Furniture,Bed,23314,10,5940
2024-01-05,West,Electronics,Laptop,51868,9,11473
2024-05-29,East,Furniture,Cabinet,54229,9,10717
2024-04-21,East,Electronics,Monitor,4694,11,658
2024-03-25,West,Clothing,T-Shirt,28436,10,6359
2024-02-15,South,Clothing,Jeans,57829,12,14043
2024-06-28,South,Electronics,Keyboard,37377,14,9473
2024-02-21,West,Electronics,Tablet,16829,9,4934
2024-05-08,North,Electronics,Tablet,12966,12,1518
2024-02-26,East,Clothing,Shirt,6616,17,803
2024-06-19,North,Furniture,Sofa,3093,12,660
2024-01-18,West,Furniture,Cabinet,31938,19,5936
2024-06-20,North,Electronics,Keyboard,29764,11,6125
2024-05-02,West,Clothing,Jacket,53771,18,7862
2024-02-19,East,Electronics,Headphones,54579,7,14459
2024-01-05,South,Clothing,T-Shirt,55214,7,8738
2024-01-12,South,Clothing,Jeans,8490,11,1915
2024-04-06,East,Electronics,Monitor,58093,4,11309
2024-06-07,East,Furniture,Sofa,48744,5,7606
2024-01-04,East,Clothing,Sweater,25575,20,4367
2024-02-19,East,Electronics,Monitor,35266,8,10250
2024-02-20,West,Electronics,Camera,9419,14,2444
2024-06-15,South,Furniture,Cabinet,31407,2,8567
2024-03-03,South,Clothing,Shorts,19987,1,4418
2024-06-20,South,Electronics,Monitor,38429,5,5322
2024-03-09,West,Electronics,Smartphone,19672,16,2951
2024-05-10,South,Clothing,Jacket,13352,10,3627
2024-01-09,East,Clothing,T-Shirt,16221,1,1904
2024-05-14,West,Electronics,Keyboard,34704,18,4867
2024-01-03,South,Furniture,Table,12498,3,1998
2024-03-07,East,Furniture,Bed,19715,12,5144
2024-02-19,East,Clothing,Jeans,24032,8,2456
2024-04-26,South,Electronics,Laptop,31366,5,5693
2024-01-19,South,Electronics,Monitor,11117,10,1645
2024-01-18,East,Clothing,Shorts,54771,9,6382
2024-04-02,South,Furniture,Chair,19539,11,2118
2024-01-27,South,Furniture,Cabinet,25557,8,5727
2024-01-14,South,Clothing,Shorts,57234,2,15535
2024-01-15,East,Electronics,Smartphone,1595,7,325
2024-02-03,West,Furniture,Table,38837,1,5985
2024-04-30,South,Furniture,Bed,42127,16,4714
2024-01-29,North,Clothing,Shorts,17423,17,4105
2024-03-28,North,Furniture,Desk,32959,2,5836
2024-04-05,North,Clothing,Shirt,2871,17,570
2024-04-21,West,Furniture,Chair,25323,2,6761
2024-04-13,West,Electronics,Tablet,44048,10,8860
2024-04-06,West,Electronics,Keyboard,34470,20,3541
2024-03-10,North,Furniture,Table,7454,6,1000
2024-06-03,West,Clothing,Shorts,16281,7,3569
2024-05-02,North,Electronics,Smartphone,43298,17,11999
2024-04-06,West,Clothing,Jeans,53419,1,9948
2024-05-04,North,Electronics,Laptop,11017,19,3048
2024-05-03,North,Electronics,Smartphone,51530,13,14223
2024-05-17,West,Electronics,Camera,18434,11,5392
2024-05-12,West,Clothing,Shorts,20431,5,3710
2024-01-06,North,Furniture,Bed,10944,4,3114
2024-01-02,East,Furniture,Cabinet,57163,9,16894
2024-04-26,North,Electronics,Smartphone,32230,5,8296
2024-04-04,South,Furniture,Table,27255,19,6462
2024-06-16,South,Electronics,Headphones,28568,6,4278
2024-01-16,East,Clothing,Shorts,32374,10,8260
2024-02-15,East,Furniture,Table,54129,20,15150
2024-06-08,West,Furniture,Bed,22485,9,5356
2024-04-16,East,Furniture,Cabinet,25071,12,6596
2024-05-25,North,Electronics,Smartphone,50393,2,6408
2024-01-31,South,Electronics,Headphones,8351,4,1641
2024-04-01,West,Furniture,Chair,35916,13,10463
2024-02-29,South,Furniture,Bed,37554,19,6557
2024-04-28,South,Furniture,Desk,47952,16,6803
2024-01-09,North,Clothing,Jacket,48017,20,11501
2024-02-28,West,Furniture,Chair,3322,15,947
2024-06-01,North,Clothing,T-Shirt,37912,18,10528
2024-01-18,East,Clothing,Shirt,21942,13,3819
2024-02-29,North,Electronics,Camera,2002,4,478
2024-01-03,West,Clothing,Jeans,47232,5,6867
2024-04-19,South,Furniture,Table,17987,3,5042
2024-01-05,East,Electronics,Camera,58298,12,7915
2024-02-21,West,Electronics,Smartphone,58360,19,16127
2024-02-16,South,Clothing,T-Shirt,4959,2,907
2024-02-12,West,Furniture,Table,20580,8,3112
2024-02-25,North,Furniture,Bed,6876,1,785
2024-01-17,West,Electronics,Camera,29036,13,4670
2024-04-28,West,Furniture,Cabinet,14548,14,2587
2024-04-20,North,Clothing,Shirt,48855,6,7668
2024-05-16,West,Clothing,Shorts,57045,17,14205
2024-02-21,East,Clothing,Shirt,17881,14,2086
2024-04-02,West,Clothing,Jacket,38657,8,7454
2024-02-25,East,Electronics,Tablet,41121,12,11331
2024-01-08,West,Furniture,Bed,7154,5,1365
2024-02-03,South,Electronics,Camera,28933,3,6930
2024-06-18,West,Clothing,T-Shirt,54798,16,7919
2024-02-16,North,Clothing,Jeans,33800,3,6761
2024-06-21,North,Electronics,Keyboard,3020,19,855
2024-05-18,North,Clothing,Jacket,22787,17,6747
2024-01-24,South,Furniture,Desk,30685,9,7154
2024-01-25,South,Clothing,Jacket,1267,1,181
2024-06-01,South,Electronics,Camera,33597,20,5766
2024-04-28,East,Electronics,Monitor,25184,6,6772
2024-01-03,West,Furniture,Cabinet,29261,16,4350
2024-03-12,North,Clothing,Shirt,37106,14,9586
2024-03-08,South,Electronics,Camera,30724,5,6722
2024-06-25,North,Furniture,Chair,6144,17,759
2024-03-29,East,Furniture,Table,21111,5,4470
2024-05-31,West,Furniture,Desk,17014,5,3022
2024-03-30,East,Electronics,Laptop,52750,12,14412
2024-04-16,South,Furniture,Bed,59393,16,9696
2024-06-04,East,Furniture,Table,15515,12,1890
2024-03-11,North,Electronics,Keyboard,2068,17,222
2024-06-02,West,Clothing,Sweater,50604,9,10315
2024-05-02,West,Clothing,T-Shirt,52257,4,13456
2024-05-19,East,Electronics,Tablet,54852,12,14540
2024-03-23,North,Furniture,Chair,31577,2,6768
2024-03-20,South,Clothing,Sweater,34872,9,3718
2024-01-13,North,Furniture,Bed,46907,1,9715
2024-06-17,South,Electronics,Monitor,5363,2,1543
2024-03-04,East,Clothing,Jeans,15392,14,3805
2024-03-16,North,Electronics,Keyboard,9665,3,2206
2024-05-25,West,Electronics,Camera,58862,7,11903
2024-05-02,North,Furniture,Cabinet,22135,12,4932
2024-02-24,West,Furniture,Sofa,9203,8,1893
2024-05-31,West,Clothing,Sweater,20770,4,4231
2024-02-19,West,Furniture,Sofa,59169,5,15878
2024-04-16,West,Electronics,Camera,44581,6,13239
2024-05-24,East,Electronics,Monitor,53937,6,13110
2024-03-30,East,Clothing,T-Shirt,56367,13,10147
2024-05-22,East,Furniture,Cabinet,27938,10,6807
2024-02-22,South,Electronics,Smartphone,9623,9,2217
2024-04-05,North,Clothing,Sweater,58354,6,8853
2024-06-04,North,Furniture,Sofa,38983,6,9613
2024-04-26,North,Furniture,Sofa,10586,12,2247
2024-01-01,East,Electronics,Monitor,22606,19,6483
2024-01-07,West,Electronics,Smartphone,47415,19,6757
2024-04-11,West,Furniture,Bed,45957,17,8594
2024-02-05,North,Clothing,Shorts,31104,12,7248
2024-01-05,North,Furniture,Bed,59532,8,17669
2024-06-11,North,Electronics,Keyboard,6701,19,1169
2024-01-21,North,Electronics,Headphones,51010,2,9883
2024-06-08,East,Clothing,Shorts,39989,15,6551
2024-06-01,South,Furniture,Bed,8007,19,1375
2024-03-17,East,Furniture,Cabinet,1737,6,355
2024-06-19,East,Electronics,Laptop,39498,3,6247
2024-05-01,South,Electronics,Camera,36997,6,4674
2024-03-01,West,Electronics,Laptop,33507,13,4712
2024-06-06,West,Electronics,Smartphone,53232,19,8142
2024-02-12,North,Furniture,Table,16050,18,4464
2024-01-05,East,Furniture,Bed,49442,10,9348
2024-01-29,North,Furniture,Bed,35401,16,4817
2024-04-13,North,Furniture,Desk,53727,2,7743
2024-04-07,West,Electronics,Camera,45860,18,4755
2024-01-28,East,Furniture,Bed,31685,4,8310
2024-03-15,North,Electronics,Keyboard,35552,9,8035
2024-02-15,East,Electronics,Tablet,26332,20,7702
2024-06-14,West,Electronics,Smartphone,55518,3,6713
2024-04-28,East,Furniture,Sofa,3825,15,770
2024-04-10,East,Clothing,Jeans,1558,20,255
2024-03-03,North,Electronics,Keyboard,15433,4,2381
2024-05-01,East,Electronics,Tablet,14997,8,1664
2024-05-07,East,Clothing,Jeans,23250,11,5619
2024-04-05,North,Clothing,T-Shirt,56953,6,14217
2024-04-06,South,Clothing,Shorts,27478,2,7038
2024-05-17,North,Clothing,T-Shirt,49688,16,8417
2024-01-24,South,Electronics,Smartphone,32119,16,8448
2024-04-16,North,Furniture,Cabinet,14973,4,2720
2024-04-26,South,Clothing,Shorts,23953,9,6600
2024-05-03,South,Clothing,Sweater,31537,7,9181
2024-04-19,West,Clothing,T-Shirt,24404,11,6206
2024-03-01,North,Furniture,Chair,36214,19,10379
2024-06-11,East,Clothing,Jeans,26010,7,6840
2024-02-18,South,Electronics,Smartphone,20017,5,3815
2024-04-10,South,Furniture,Table,46034,11,13171
2024-02-16,East,Clothing,Jeans,29944,20,3960
2024-06-24,North,Clothing,Shirt,32662,3,3760
2024-03-26,North,Clothing,T-Shirt,19578,18,5278
2024-02-12,South,Clothing,Jacket,59171,14,16823
2024-02-04,West,Clothing,Jeans,23919,16,5180
2024-05-10,East,Electronics,Monitor,46823,18,11271
2024-04-26,South,Electronics,Headphones,2052,9,293
2024-04-14,West,Clothing,T-Shirt,23507,20,6418
2024-01-18,North,Electronics,Laptop,59704,19,9101
2024-01-15,West,Electronics,Keyboard,59857,5,9425
2024-02-17,South,Clothing,Shirt,36788,15,9813
2024-01-06,East,Clothing,T-Shirt,58140,8,7559
2024-05-18,North,Furniture,Chair,37985,5,9706
2024-03-22,North,Electronics,Camera,50355,10,7823
2024-03-13,North,Clothing,Sweater,21453,17,5975
2024-04-10,East,Clothing,T-Shirt,7036,20,738
2024-02-12,West,Furniture,Bed,32839,19,5304
2024-01-14,North,Clothing,Sweater,37988,9,10125
2024-02-18,West,Furniture,Cabinet,31788,13,6939
2024-03-19,West,Furniture,Cabinet,37348,17,4407
2024-01-13,North,Furniture,Sofa,43613,17,8303
2024-05-23,North,Electronics,Keyboard,36148,13,4762
2024-01-14,South,Electronics,Tablet,10596,2,2671
2024-05-02,North,Clothing,Sweater,29212,12,4397
2024-02-28,West,Clothing,Jacket,4855,13,1028
2024-01-08,East,Electronics,Headphones,35183,17,5485
2024-06-19,South,Clothing,Jacket,43033,17,5555
2024-04-14,South,Electronics,Keyboard,54576,8,6231
2024-02-07,South,Electronics,Monitor,44770,2,5420
2024-03-30,South,Furniture,Desk,42776,6,6026
2024-04-25,East,Electronics,Headphones,56943,18,16552
2024-03-08,West,Clothing,T-Shirt,49370,6,13001
2024-06-02,East,Furniture,Desk,40439,10,4074
2024-05-21,North,Electronics,Laptop,52785,4,7509
2024-02-18,West,Electronics,Camera,22789,6,4364
2024-02-28,East,Clothing,T-Shirt,38044,1,10036
2024-03-21,West,Clothing,Shorts,5201,17,1156
2024-01-14,West,Clothing,Jeans,8010,1,1958
2024-06-27,South,Furniture,Table,36278,17,8544
2024-06-09,North,Clothing,Jacket,33107,18,3315
2024-02-25,South,Clothing,Shorts,56465,4,7050
2024-04-04,West,Electronics,Keyboard,58320,3,10411
2024-05-18,East,Electronics,Monitor,19940,7,2200
2024-01-31,North,Clothing,Shirt,26192,2,5639
2024-05-20,South,Furniture,Table,43680,8,9268
2024-03-23,East,Clothing,Jacket,52713,6,10156
2024-06-10,South,Electronics,Smartphone,47094,5,9406
2024-02-24,North,Furniture,Cabinet,2382,6,351
2024-05-25,East,Clothing,Shorts,15667,14,1820
2024-04-24,East,Electronics,Keyboard,38178,1,4859
2024-05-08,West,Electronics,Keyboard,15996,8,3131
2024-05-24,East,Clothing,Sweater,15666,17,3006
2024-04-06,East,Clothing,Shirt,27036,3,7180
2024-05-28,North,Clothing,Shorts,56658,12,10480
2024-04-29,West,Electronics,Headphones,19987,5,5408
2024-06-28,North,Electronics,Laptop,6874,8,1220
2024-01-07,East,Furniture,Bed,28932,12,7830
2024-05-29,South,Furniture,Table,23103,18,2590
2024-06-28,North,Clothing,Shorts,13968,14,1907
2024-03-25,East,Clothing,Jacket,46890,16,9630
2024-04-16,North,Clothing,Jacket,32369,19,9457
2024-05-10,East,Electronics,Camera,12955,9,3363
2024-05-31,East,Clothing,Jacket,20944,5,4954
2024-03-04,East,Electronics,Laptop,40023,9,11598
2024-05-30,East,Electronics,Laptop,3668,17,815
2024-04-28,West,Clothing,Sweater,6639,9,1607
2024-02-13,South,Furniture,Bed,7762,18,799
2024-03-05,North,Clothing,T-Shirt,49811,11,9094
2024-06-21,North,Furniture,Chair,28441,14,4119
2024-01-22,South,Clothing,Shorts,50407,5,5375
2024-02-13,South,Furniture,Cabinet,48642,5,8802
2024-01-07,West,Electronics,Laptop,34633,10,6799
2024-04-17,North,Electronics,Keyboard,54887,3,14773
2024-06-22,North,Electronics,Laptop,10753,10,1991
2024-04-02,North,Electronics,Tablet,35767,13,8476
2024-03-17,South,Electronics,Laptop,16462,17,4114
2024-02-05,South,Clothing,T-Shirt,23111,8,5541
2024-05-18,East,Electronics,Tablet,33100,5,8339
2024-01-04,West,Clothing,Sweater,25392,1,6895
2024-05-28,West,Electronics,Smartphone,54198,18,11528
2024-01-27,East,Furniture,Table,57293,9,12732
2024-01-11,South,Furniture,Chair,52800,1,5889
2024-02-07,East,Furniture,Chair,14764,5,2167
2024-04-16,West,Electronics,Smartphone,23594,18,4801
2024-05-10,West,Electronics,Laptop,5955,14,1475
2024-03-18,West,Furniture,Chair,9513,12,2850
2024-03-27,North,Electronics,Keyboard,20379,8,2735
2024-05-17,North,Furniture,Sofa,42873,7,12668
2024-03-23,South,Furniture,Sofa,43235,1,6544
2024-06-28,North,Electronics,Monitor,55136,7,8372
2024-06-22,West,Clothing,Sweater,33025,4,3836
2024-04-28,East,Furniture,Cabinet,27694,14,6103
2024-06-23,South,Clothing,Jacket,51078,6,8452
2024-01-03,East,Clothing,T-Shirt,46350,19,5212
2024-02-14,West,Clothing,T-Shirt,55363,6,8674
2024-06-26,East,Clothing,Shirt,38792,11,5667
2024-06-17,South,Furniture,Cabinet,59624,13,11989
2024-05-28,West,Electronics,Camera,30161,7,4696
2024-06-27,West,Clothing,Jacket,29956,6,6712
2024-05-28,North,Electronics,Keyboard,58826,1,13365
2024-02-06,East,Furniture,Bed,13792,2,1538
2024-06-14,North,Electronics,Smartphone,44662,15,11584
2024-03-09,East,Electronics,Keyboard,9722,12,2308
2024-03-16,South,Furniture,Cabinet,49004,9,12667
2024-01-09,West,Electronics,Laptop,46216,6,4894
2024-06-21,East,Clothing,Sweater,29474,5,6947
2024-04-20,West,Furniture,Sofa,47085,2,10274
2024-01-19,West,Clothing,Shirt,43574,15,8829
2024-06-15,North,Clothing,Shorts,30271,4,3157
2024-03-24,South,Electronics,Camera,29464,18,8631
2024-01-26,West,Furniture,Sofa,37756,19,9088
2024-04-01,North,Electronics,Keyboard,45947,19,8676
2024-06-07,South,Clothing,Sweater,30339,2,7465
2024-02-16,North,Electronics,Camera,22623,3,4469
2024-01-30,North,Clothing,Sweater,25926,12,3179
2024-04-05,North,Clothing,T-Shirt,30573,3,8985
2024-05-22,West,Electronics,Tablet,12765,17,1446
2024-04-02,North,Furniture,Sofa,37093,4,8095
2024-01-24,North,Clothing,Jacket,16136,13,2448
2024-02-24,West,Electronics,Headphones,22666,17,6057
2024-03-12,West,Furniture,Sofa,7176,18,1283
2024-05-14,East,Clothing,Shorts,2594,7,403
2024-02-14,North,Electronics,Keyboard,34319,2,8756
2024-02-15,East,Furniture,Cabinet,16003,8,3271
2024-01-18,North,Furniture,Chair,28261,2,5548
2024-01-23,North,Furniture,Desk,25826,3,6315
2024-01-02,East,Electronics,Tablet,43557,14,10767
2024-05-12,South,Clothing,Jeans,20761,3,4805
2024-04-23,South,Clothing,T-Shirt,52268,17,6498
2024-05-06,West,Furniture,Desk,22448,12,3161
2024-01-20,West,Clothing,T-Shirt,55252,16,6019
2024-06-22,West,Electronics,Smartphone,18069,3,2032
2024-06-27,South,Furniture,Chair,56777,4,7398
2024-02-27,West,Clothing,Sweater,21314,8,3494
2024-03-27,West,Furniture,Desk,46262,7,6937
2024-06-15,East,Furniture,Sofa,3779,12,946
2024-02-05,East,Clothing,Sweater,16524,18,2040
2024-04-19,East,Clothing,Shorts,5866,2,1479
2024-01-03,West,Clothing,Shorts,36330,11,8205
2024-04-06,South,Furniture,Sofa,48755,18,8690
2024-01-09,South,Electronics,Headphones,11417,1,2165
2024-02-25,North,Furniture,Chair,44333,2,11384
2024-06-24,West,Furniture,Table,49511,1,6240
2024-01-11,East,Furniture,Sofa,26247,5,5130
2024-02-18,West,Clothing,Jeans,10865,11,1708
2024-02-17,North,Furniture,Table,29871,1,4875
2024-02-26,North,Furniture,Table,22301,18,5641
2024-02-23,North,Electronics,Keyboard,30745,19,6902
2024-01-07,North,Furniture,Desk,20856,17,2446
2024-05-16,West,Furniture,Sofa,12703,11,2892
2024-05-02,East,Electronics,Camera,13393,9,3022
2024-06-14,West,Furniture,Bed,13101,9,2363
2024-05-03,South,Electronics,Headphones,15294,1,3463
2024-01-26,North,Electronics,Keyboard,3102,14,724
2024-06-07,South,Electronics,Smartphone,28405,20,7537
2024-01-16,South,Clothing,Jacket,6211,1,1665
2024-06-01,West,Furniture,Desk,52079,20,10391
2024-06-19,South,Electronics,Tablet,12035,8,2715
2024-04-19,East,Furniture,Desk,14415,3,2098
2024-04-14,South,Furniture,Table,55216,9,13475
2024-01-06,East,Electronics,Camera,18756,7,4192
2024-01-23,West,Clothing,Jeans,44304,7,12302
2024-04-16,West,Clothing,Sweater,50048,12,12140
2024-06-27,South,Clothing,T-Shirt,10915,8,2832
2024-04-28,South,Furniture,Table,4835,17,1342
2024-02-01,South,Clothing,Shorts,33740,7,8227
2024-05-15,West,Clothing,Shorts,6633,6,920
2024-01-19,North,Clothing,Jacket,33433,14,5613
2024-02-25,East,Furniture,Bed,29848,1,5191
2024-04-20,South,Clothing,Shirt,13239,20,2543
2024-05-24,West,Electronics,Monitor,50219,10,10884
2024-06-21,West,Clothing,T-Shirt,15778,2,2204
2024-06-07,North,Furniture,Chair,13372,19,1621
2024-06-18,South,Clothing,Shirt,34045,19,5726
2024-02-11,West,Clothing,T-Shirt,26958,19,5509
2024-05-30,West,Electronics,Smartphone,36389,9,10288
2024-04-08,East,Clothing,Jeans,31603,11,4475
2024-05-06,North,Furniture,Bed,51270,2,12364
2024-01-07,South,Electronics,Keyboard,43574,14,5444
2024-05-16,West,Electronics,Tablet,9206,18,1312
2024-01-12,South,Electronics,Smartphone,15688,10,4239
2024-04-16,North,Electronics,Laptop,55083,9,16524
2024-06-13,North,Clothing,Sweater,36972,18,6532
2024-06-28,South,Clothing,Shorts,9686,15,1974
2024-04-14,West,Electronics,Laptop,35816,14,6485
2024-04-15,North,Furniture,Sofa,8940,4,2462
2024-03-26,North,Clothing,Jacket,24170,1,2902
2024-03-12,South,Clothing,Jacket,42782,14,5689
2024-02-14,West,Clothing,Shorts,57068,1,16827
2024-06-29,North,Electronics,Keyboard,11066,5,2061
2024-01-17,North,Clothing,Sweater,11941,5,2470
2024-02-10,South,Electronics,Camera,17568,18,4088
2024-01-23,East,Clothing,Jeans,48502,20,9184
2024-01-06,East,Clothing,Jacket,44704,3,13006
2024-06-04,South,Electronics,Tablet,48574,1,7444
2024-05-19,North,Clothing,Jacket,24389,19,3372
2024-05-28,South,Electronics,Camera,33839,7,4817
2024-06-26,East,Electronics,Monitor,48571,13,6355
2024-03-01,East,Furniture,Table,48082,11,12542
2024-01-16,East,Furniture,Bed,44365,4,8064
2024-06-29,West,Electronics,Laptop,21881,10,2610
2024-01-30,North,Furniture,Cabinet,9213,14,1956
2024-01-19,North,Clothing,Jacket,32154,10,6717
2024-06-06,South,Electronics,Smartphone,24580,11,4278
2024-06-07,West,Furniture,Cabinet,11764,1,2276
2024-02-15,West,Clothing,Sweater,14494,3,2897
2024-04-13,North,Clothing,Shorts,56628,12,16794
2024-06-24,East,Electronics,Laptop,42678,9,4534
2024-03-18,West,Clothing,T-Shirt,19261,3,1983
2024-04-19,South,Electronics,Tablet,48939,10,9166
2024-06-29,South,Furniture,Cabinet,35887,2,7456
2024-04-05,East,Clothing,Shorts,15419,20,1985
2024-01-17,South,Furniture,Sofa,20010,17,4826
2024-03-12,West,Electronics,Camera,54310,5,14258
2024-01-01,West,Furniture,Desk,55059,1,6270
2024-02-24,South,Furniture,Sofa,12780,10,2100
2024-01-28,North,Electronics,Headphones,43072,5,12555
2024-04-06,West,Electronics,Headphones,24103,16,3798
2024-01-31,North,Clothing,Shorts,20356,12,3331
2024-02-06,North,Clothing,Jeans,50234,4,8316
2024-03-01,West,Electronics,Monitor,51327,19,7028
2024-04-17,East,Clothing,Jeans,28880,18,6079
2024-02-29,West,Electronics,Camera,55813,20,12207
2024-04-30,West,Electronics,Headphones,52352,13,12245
2024-04-14,East,Furniture,Sofa,8998,13,1508
2024-04-21,North,Furniture,Bed,15951,20,3393
2024-02-25,East,Furniture,Cabinet,7629,15,1215
2024-02-17,South,Electronics,Camera,47657,4,9768
2024-05-10,North,Clothing,T-Shirt,20738,16,2899
2024-02-25,North,Furniture,Sofa,51414,13,10993
2024-06-20,West,Electronics,Laptop,4382,5,1090
2024-05-26,North,Electronics,Tablet,27215,6,6241
2024-01-04,South,Clothing,Shorts,22282,13,4490
2024-01-20,West,Furniture,Cabinet,4196,16,1098
2024-05-19,East,Furniture,Desk,49730,8,11846
2024-05-16,West,Electronics,Laptop,47600,16,9108
2024-01-11,North,Electronics,Headphones,34099,1,10172
2024-03-13,West,Electronics,Camera,4060,10,824
2024-02-02,West,Clothing,T-Shirt,14561,8,2788
2024-06-18,West,Electronics,Camera,52218,16,6567
2024-03-09,North,Clothing,Sweater,31116,20,8800
2024-05-02,East,Electronics,Laptop,38143,2,7951
2024-04-27,West,Electronics,Camera,30667,1,3854
2024-04-07,North,Furniture,Chair,56634,12,13144
2024-03-17,West,Clothing,Shorts,16432,19,2606
2024-04-24,East,Electronics,Laptop,31441,6,4925
2024-04-03,East,Clothing,Shorts,53342,7,13924
2024-04-22,North,Electronics,Tablet,6111,13,659
2024-03-18,South,Clothing,Jeans,28588,20,8254
2024-05-25,North,Electronics,Tablet,49040,16,6685
2024-01-31,North,Furniture,Sofa,30204,19,3760
2024-02-14,West,Electronics,Smartphone,45283,6,7806
2024-02-09,South,Clothing,T-Shirt,1090,2,137
2024-01-24,East,Clothing,Shirt,5022,7,783
2024-01-25,West,Clothing,Shorts,33826,3,6308
2024-04-19,South,Furniture,Bed,44061,15,10149
2024-02-24,North,Furniture,Table,34519,14,7950
2024-01-10,West,Electronics,Monitor,28372,17,7473
2024-03-03,East,Furniture,Bed,54919,13,13630
2024-05-03,East,Electronics,Monitor,51402,4,8262
2024-01-05,West,Electronics,Smartphone,23545,16,3003
2024-06-27,North,Clothing,Shirt,59861,16,14679
2024-06-25,North,Furniture,Bed,57107,20,11593
2024-02-20,West,Electronics,Smartphone,35432,11,5630
2024-03-13,North,Electronics,Monitor,47553,7,6080
2024-04-04,South,Clothing,Jacket,5704,10,759
2024-03-14,South,Furniture,Chair,22968,5,4606
2024-01-24,South,Furniture,Desk,48259,14,8664
2024-04-03,West,Clothing,Shorts,9204,7,1750
2024-05-30,North,Clothing,Shorts,33330,19,7140
2024-04-09,East,Clothing,Jacket,59445,10,16581
2024-03-19,West,Electronics,Tablet,45174,2,4890
2024-04-03,East,Clothing,Jeans,15788,1,4370
2024-01-07,South,Furniture,Cabinet,16920,20,3430
2024-02-18,South,Furniture,Cabinet,59172,6,5917
2024-05-20,South,Electronics,Keyboard,24849,5,4591
2024-06-07,East,Clothing,Jeans,11101,7,2142
2024-04-09,East,Clothing,Jacket,50066,9,10130
2024-03-01,East,Furniture,Desk,17786,20,2620
